EndDate,EventID,Other,RoadName,StartDate,SvcDept
2016-05-30,RMINRM-201604-0311,"For details, please call",AH HOOD ROAD,2016-04-16,LAND TRANSPORT AUTHORITY
2016-06-04,RMINRM-201603-0122,"For details, please call 63961386",ALJUNIED ROAD,2016-03-04,LAND TRANSPORT AUTHORITY
2018-12-31,RMINRM-201510-0811,"For details, please call 62616287",ALJUNIED ROAD,2015-10-26,LAND TRANSPORT AUTHORITY
2016-06-30,RMINRM-201603-1029,"For details, please call 66031034",AMBER ROAD,2016-04-04,LAND TRANSPORT AUTHORITY
2016-06-14,RMINRM-201512-0291,"For details, please call 6396 2102",ANG MO KIO AVENUE 1,2015-12-15,LAND TRANSPORT AUTHORITY
2016-09-22,RMINRM-201603-0515,"For details, please call",ANG MO KIO AVENUE 2,2016-03-23,LAND TRANSPORT AUTHORITY
2016-08-20,RMINRM-201605-0103,"For details, please call 67313411",ANG MO KIO AVENUE 3,2016-05-06,PUB - CATCHMENT AND WATERWAYS
2016-05-31,RMINRM-201604-0633,"For details, please call 64509310",ANG MO KIO AVENUE 3,2016-04-28,LAND TRANSPORT AUTHORITY
2016-07-30,RMINDL-201603-0042,"For details, please call 63328174",ANG MO KIO AVENUE 3,2016-04-15,LAND TRANSPORT AUTHORITY
2016-07-30,RMINRM-201603-0644,"For details, please call 63328174",ANG MO KIO AVENUE 3,2016-04-15,LAND TRANSPORT AUTHORITY
2016-06-30,RMINRM-201603-0869,"For details, please call",ANG MO KIO AVENUE 3,2016-04-01,LAND TRANSPORT AUTHORITY
2016-09-22,RMINRM-201603-0514,"For details, please call",ANG MO KIO AVENUE 3,2016-03-23,LAND TRANSPORT AUTHORITY
2017-03-22,RMINRM-201603-0638,"For details, please call",ANG MO KIO AVENUE 3 (Bus Lane Affected),2016-03-22,LAND TRANSPORT AUTHORITY
2017-03-22,RMINRM-201603-0637,"For details, please call",ANG MO KIO AVENUE 3 (Bus Lane Affected),2016-03-22,LAND TRANSPORT AUTHORITY
2016-06-07,RMINRM-201605-0179,"For details, please call",ANG MO KIO AVENUE 4 (Bus Lane Affected),2016-05-07,LAND TRANSPORT AUTHORITY
2016-09-30,RMINRM-201603-0911,"For details, please call",ANG MO KIO INDUSTRIAL PARK 2,2016-03-31,LAND TRANSPORT AUTHORITY
2016-08-26,RMINRM-201603-0539,"For details, please call",ANG MO KIO STREET 23,2016-03-17,LAND TRANSPORT AUTHORITY
2016-06-30,RMINRM-201605-0015,"For details, please call 65878205",AVIATION PARK ROAD,2016-05-09,LAND TRANSPORT AUTHORITY
2017-03-22,RMINRM-201603-0433,"For details, please call 62957407",AYER RAJAH AVENUE,2016-03-23,LAND TRANSPORT AUTHORITY
2017-03-22,RMINRM-201603-0431,"For details, please call 62957407",AYER RAJAH CRESCENT,2016-03-23,LAND TRANSPORT AUTHORITY
2016-05-30,RMINRM-201605-0122,"For details, please call 6553 5464",AYER RAJAH EXPRESSWAY,2016-05-23,LAND TRANSPORT AUTHORITY
2016-05-31,RMINRM-201604-0804,"For details, please call",AYER RAJAH EXPRESSWAY,2016-05-01,LAND TRANSPORT AUTHORITY
2016-05-31,RMINRM-201604-0809,"For details, please call",AYER RAJAH EXPRESSWAY,2016-05-01,LAND TRANSPORT AUTHORITY
2016-05-31,RMINRM-201604-0803,"For details, please call",AYER RAJAH EXPRESSWAY,2016-05-01,LAND TRANSPORT AUTHORITY
2016-05-31,RMINRM-201604-0810,"For details, please call",AYER RAJAH EXPRESSWAY,2016-05-01,LAND TRANSPORT AUTHORITY
2016-05-31,RMINRM-201603-0351,"For details, please call 63961384",AYER RAJAH EXPRESSWAY,2016-04-01,LAND TRANSPORT AUTHORITY
2016-05-31,RMINRM-201603-0350,"For details, please call 63961384",AYER RAJAH EXPRESSWAY,2016-04-01,LAND TRANSPORT AUTHORITY
2016-05-31,RMINRM-201604-0607,"For details, please call 6332 6505",BALESTIER ROAD,2016-04-27,LAND TRANSPORT AUTHORITY
2016-06-20,RMINRM-201601-0334,"For details, please call 65946504",BALESTIER ROAD,2016-01-19,LAND TRANSPORT AUTHORITY
2016-06-20,RMINRM-201601-0332,"For details, please call 65946504",BALESTIER ROAD,2016-01-19,LAND TRANSPORT AUTHORITY
2016-06-30,RMINRM-201605-0025,"For details, please call 65919593",BANDA STREET,2016-05-05,LAND TRANSPORT AUTHORITY
2016-05-31,RMINRM-201605-0075,"For details, please call 67099153",BAYSHORE ROAD,2016-05-05,LAND TRANSPORT AUTHORITY
2017-11-30,RMINRM-201603-0210,"For details, please call 63962476",BEDOK CENTRAL (Bus Lane Affected),2016-03-07,LAND TRANSPORT AUTHORITY
2016-06-30,RMINRM-201205-0331,"For details, please call 64467911",BEDOK NORTH AVENUE 3,2012-05-18,LAND TRANSPORT AUTHORITY
2016-06-30,RMINRM-201202-0432,"For details, please call 64467911",BEDOK NORTH AVENUE 3,2012-02-20,LAND TRANSPORT AUTHORITY
2016-12-30,RMINRM-201108-0335,"For details, please call 64467911",BEDOK NORTH AVENUE 3,2011-08-18,LAND TRANSPORT AUTHORITY
2016-06-30,RMINRM-201112-0198,"For details, please call 64467911",BEDOK NORTH ROAD,2011-12-10,LAND TRANSPORT AUTHORITY
2016-06-30,RMINRM-201603-0870,"For details, please call",BEDOK NORTH ROAD (Bus Lane Affected),2016-04-01,LAND TRANSPORT AUTHORITY
2016-05-31,RMINRM-201604-0561,"For details, please call 65877643",BEDOK RESERVOIR ROAD,2016-05-01,LAND TRANSPORT AUTHORITY
2016-07-30,RMINRM-201603-0651,"For details, please call 63328174",BEDOK RESERVOIR ROAD,2016-04-15,LAND TRANSPORT AUTHORITY
2016-07-30,RMINDL-201603-0047,"For details, please call 63328174",BEDOK RESERVOIR ROAD,2016-04-15,LAND TRANSPORT AUTHORITY
2016-07-30,RMINRM-201603-0141,"For details, please call 64222121",BEDOK RESERVOIR ROAD (Bus Lane Affected),2016-03-11,LAND TRANSPORT AUTHORITY
2016-05-31,RMINRM-201604-0456,"For details, please call 66030319",BEDOK SOUTH AVENUE 1,2016-05-02,LAND TRANSPORT AUTHORITY
2016-05-31,RMINRM-201604-0454,"For details, please call 66030319",BEDOK SOUTH AVENUE 1,2016-05-02,LAND TRANSPORT AUTHORITY
2016-07-30,RMINRM-201603-0432,"For details, please call 65946504",BELILIOS ROAD,2016-03-28,LAND TRANSPORT AUTHORITY
2017-03-20,RMINRM-201603-0458,"For details, please call 62957407",BIOMEDICAL GROVE,2016-03-21,LAND TRANSPORT AUTHORITY
2017-03-20,RMINRM-201605-0051,"For details, please call 62957407",BIOPOLIS ROAD,2016-05-04,LAND TRANSPORT AUTHORITY
2017-03-20,RMINRM-201605-0053,"For details, please call 62957407",BIOPOLIS ROAD,2016-05-04,LAND TRANSPORT AUTHORITY
2017-03-20,RMINRM-201603-0459,"For details, please call 62957407",BIOPOLIS STREET,2016-03-21,LAND TRANSPORT AUTHORITY
2017-03-20,RMINRM-201605-0129,"For details, please call 62957407",BIOPOLIS WAY,2016-05-05,LAND TRANSPORT AUTHORITY
2017-03-20,RMINRM-201603-0461,"For details, please call 62957407",BIOPOLIS WAY,2016-03-21,LAND TRANSPORT AUTHORITY
2017-03-20,RMINRM-201603-0460,"For details, please call 62957407",BIOPOLIS WAY,2016-03-21,LAND TRANSPORT AUTHORITY
2016-09-15,RMINRM-201603-0320,"For details, please call 6396 2102",BISHAN PLACE,2016-03-16,LAND TRANSPORT AUTHORITY
2016-09-16,RMINRM-201603-0525,"For details, please call",BISHAN STREET 11,2016-03-17,LAND TRANSPORT AUTHORITY
2016-09-16,RMINRM-201603-0526,"For details, please call",BISHAN STREET 11,2016-03-17,LAND TRANSPORT AUTHORITY
2016-09-16,RMINRM-201603-0524,"For details, please call",BISHAN STREET 13,2016-03-17,LAND TRANSPORT AUTHORITY
2016-10-31,RMINRM-201604-0114,"For details, please call 63328174",BOON LAY AVENUE,2016-05-02,LAND TRANSPORT AUTHORITY
2016-10-31,RMINDL-201604-0015,"For details, please call 63328174",BOON LAY AVENUE,2016-05-02,LAND TRANSPORT AUTHORITY
2016-10-31,RMINRM-201604-0106,"For details, please call 63328174",BOON LAY DRIVE,2016-05-02,LAND TRANSPORT AUTHORITY
2016-10-31,RMINDL-201604-0008,"For details, please call 63328174",BOON LAY DRIVE,2016-05-02,LAND TRANSPORT AUTHORITY
2016-10-31,RMINDL-201604-0021,"For details, please call 63328174",BOON LAY DRIVE,2016-05-02,LAND TRANSPORT AUTHORITY
2016-10-31,RMINRM-201604-0121,"For details, please call 63328174",BOON LAY DRIVE,2016-05-02,LAND TRANSPORT AUTHORITY
2016-10-31,RMINDL-201604-0012,"For details, please call 63328174",BOON LAY PLACE,2016-05-02,LAND TRANSPORT AUTHORITY
2016-10-31,RMINRM-201604-0111,"For details, please call 63328174",BOON LAY PLACE,2016-05-02,LAND TRANSPORT AUTHORITY
2016-06-30,RMINRM-201605-0152,"For details, please call 63961384",BOON LAY WAY,2016-05-18,LAND TRANSPORT AUTHORITY
2017-02-28,RMINRM-201504-0416,"For details, please call 6295 7346",BOON LAY WAY,2015-04-20,LAND TRANSPORT AUTHORITY
2016-05-31,RMINRM-201604-0030,"For details, please call 63346854",BRADDELL ROAD (Bus Lane Affected),2016-04-04,LAND TRANSPORT AUTHORITY
2016-06-30,RMINRM-201604-0231,"For details, please call 63961385",BRANKSOME ROAD,2016-04-19,LAND TRANSPORT AUTHORITY
2016-06-30,RMINRM-201603-0726,"For details, please call 65576714",BRAS BASAH ROAD (Bus Lane Affected),2016-04-01,LAND TRANSPORT AUTHORITY
2016-11-01,RMINRM-201604-0625,"For details, please call 63962943",BRICKLAND ROAD,2016-05-02,LAND TRANSPORT AUTHORITY
2016-07-26,RMINRM-201602-0410,"For details, please call",BUANGKOK CRESCENT,2016-02-17,LAND TRANSPORT AUTHORITY
2016-06-30,RMINRM-201603-0871,"For details, please call",BUANGKOK GREEN,2016-04-01,LAND TRANSPORT AUTHORITY
2016-07-26,RMINRM-201602-0412,"For details, please call",BUANGKOK GREEN,2016-02-17,LAND TRANSPORT AUTHORITY
2016-09-30,RMINRM-201605-0021,"For details, please call 63961385",BUCKLEY ROAD,2016-05-09,LAND TRANSPORT AUTHORITY
2016-06-30,RMINRM-201603-0872,"For details, please call",BUKIT BATOK CENTRAL,2016-04-01,LAND TRANSPORT AUTHORITY
2016-10-31,RMINRM-201604-0108,"For details, please call 63328174",BUKIT BATOK EAST AVENUE 3,2016-05-02,LAND TRANSPORT AUTHORITY
2016-10-31,RMINDL-201604-0010,"For details, please call 63328174",BUKIT BATOK EAST AVENUE 3,2016-05-02,LAND TRANSPORT AUTHORITY
2016-10-31,RMINDL-201604-0019,"For details, please call 63328174",BUKIT BATOK ROAD,2016-05-02,LAND TRANSPORT AUTHORITY
2016-10-31,RMINRM-201604-0119,"For details, please call 63328174",BUKIT BATOK ROAD,2016-05-02,LAND TRANSPORT AUTHORITY
2016-11-30,RMINRM-201512-0806,"For details, please call (SITE)",BUKIT BATOK ROAD,2016-01-04,LAND TRANSPORT AUTHORITY
2016-05-31,RMINRM-201604-0688,"For details, please call",BUKIT PANJANG ROAD,2016-05-01,LAND TRANSPORT AUTHORITY
2016-06-04,RMINRM-201605-0035,"For details, please call 6332 8159",BUKIT TIMAH EXPRESSWAY,2016-05-05,LAND TRANSPORT AUTHORITY
2016-05-31,RMINRM-201603-0358,"For details, please call 63961384",BUKIT TIMAH EXPRESSWAY,2016-04-01,LAND TRANSPORT AUTHORITY
2016-05-31,RMINRM-201603-0357,"For details, please call 63961384",BUKIT TIMAH EXPRESSWAY,2016-04-01,LAND TRANSPORT AUTHORITY
2016-08-08,RMINRM-201605-0036,"For details, please call",BUKIT TIMAH ROAD,2016-05-09,LAND TRANSPORT AUTHORITY
2016-05-31,RMINRM-201604-0691,"For details, please call 66030319",BUKIT TIMAH ROAD,2016-05-02,LAND TRANSPORT AUTHORITY
2016-05-31,RMINRM-201604-0690,"For details, please call 66030319",BUKIT TIMAH ROAD,2016-05-02,LAND TRANSPORT AUTHORITY
2016-06-30,RMINRM-201604-0627,"For details, please call 66030318",BUKIT TIMAH ROAD,2016-05-01,LAND TRANSPORT AUTHORITY
2016-10-14,RMINRM-201604-0299,"For details, please call",BUKIT TIMAH ROAD,2016-04-14,LAND TRANSPORT AUTHORITY
2016-06-19,RMINRM-201603-0601,"For details, please call 63961385",BUKIT TIMAH ROAD,2016-03-19,LAND TRANSPORT AUTHORITY
2016-06-15,RMINRM-201603-0447,"For details, please call 63961385",BUKIT TIMAH ROAD,2016-03-15,LAND TRANSPORT AUTHORITY
2016-07-31,RMINRM-201601-0874,"For details, please call",BUKIT TIMAH ROAD,2016-03-01,LAND TRANSPORT AUTHORITY
2016-06-30,RMINRM-201604-0105,"For details, please call 65946504",BUKIT TIMAH ROAD (Bus Lane Affected),2016-04-12,LAND TRANSPORT AUTHORITY
2016-05-31,RMINRM-201603-0880,"For details, please call",BUKIT TIMAH ROAD (Bus Lane Affected),2016-03-28,LAND TRANSPORT AUTHORITY
2016-07-10,RMINRM-201601-0106,"For details, please call 6396 1337",BUROH STREET,2016-01-11,LAND TRANSPORT AUTHORITY
2016-05-30,RMINRM-201603-0191,"For details, please call",CACTUS CRESCENT,2016-03-08,LAND TRANSPORT AUTHORITY
2016-05-30,RMINRM-201603-0190,"For details, please call",CACTUS ROAD,2016-03-08,LAND TRANSPORT AUTHORITY
2016-05-30,RMINRM-201605-0121,"For details, please call 6553 5464",CAIRNHILL ROAD,2016-05-23,LAND TRANSPORT AUTHORITY
2017-02-23,RMINRM-201602-0483,"For details, please call 63325624",CANBERRA LINK,2016-02-23,LAND TRANSPORT AUTHORITY
2016-07-15,RMINRM-201601-0833,"For details, please call 63325624",CANBERRA LINK,2016-02-10,LAND TRANSPORT AUTHORITY
2016-06-30,RMINRM-201510-1178,"For details, please call 63325624",CANBERRA LINK,2015-11-02,LAND TRANSPORT AUTHORITY
2016-05-31,RMINRM-201604-0630,"For details, please call 67095283",CANTONMENT ROAD (Bus Lane Affected),2016-05-01,LAND TRANSPORT AUTHORITY
2016-05-31,RMINRM-201604-0636,"For details, please call 67095283",CANTONMENT ROAD (Bus Lane Affected),2016-05-01,LAND TRANSPORT AUTHORITY
2016-06-03,RMINRM-201512-0242,"For details, please call 6396 1337",CASHEW TERRACE,2015-12-04,LAND TRANSPORT AUTHORITY
2016-05-27,RMINRM-201605-0165,"For details, please call 63346854",CENTRAL EXPRESSWAY,2016-05-16,LAND TRANSPORT AUTHORITY
2016-05-28,RMINRM-201605-0178,"For details, please call 63346854",CENTRAL EXPRESSWAY,2016-05-15,LAND TRANSPORT AUTHORITY
2016-05-31,RMINRM-201603-0955,"For details, please call",CENTRAL EXPRESSWAY,2016-05-01,LAND TRANSPORT AUTHORITY
2016-05-31,RMINRM-201603-0961,"For details, please call",CENTRAL EXPRESSWAY,2016-05-01,LAND TRANSPORT AUTHORITY
2016-09-20,RMINRM-201603-0448,"For details, please call",CENTRAL EXPRESSWAY,2016-03-21,LAND TRANSPORT AUTHORITY
2016-06-20,RMINRM-201601-0337,"For details, please call 65946504",CHANCERY LANE,2016-01-19,LAND TRANSPORT AUTHORITY
2016-08-30,RMINRM-201604-0409,"For details, please call 65729647",CHANGI SOUTH AVENUE 2 (Bus Lane Affected),2016-04-20,LAND TRANSPORT AUTHORITY
2017-06-30,RMINRM-201603-0865,"For details, please call 65729647",CHANGI SOUTH AVENUE 2 (Bus Lane Affected),2016-03-28,LAND TRANSPORT AUTHORITY
2017-06-30,RMINRM-201603-0373,"For details, please call 65729647",CHANGI SOUTH AVENUE 2 (Bus Lane Affected),2016-03-14,LAND TRANSPORT AUTHORITY
2016-08-30,RMINRM-201604-0410,"For details, please call 65729647",CHANGI SOUTH AVENUE 3 (Bus Lane Affected),2016-04-20,LAND TRANSPORT AUTHORITY
2017-06-30,RMINRM-201603-0452,"For details, please call 65729647",CHANGI SOUTH AVENUE 3 (Bus Lane Affected),2016-03-16,LAND TRANSPORT AUTHORITY
2017-06-30,RMINRM-201603-0866,"For details, please call 65729647",CHANGI SOUTH STREET 3,2016-03-28,LAND TRANSPORT AUTHORITY
2016-06-28,RMINRM-201512-0690,"For details, please call",CHARTWELL DRIVE,2015-12-29,LAND TRANSPORT AUTHORITY
2016-06-15,RMINRM-201604-0535,"For details, please call 67313411",CHEE HOON AVENUE,2016-04-25,PUB - CATCHMENT AND WATERWAYS
2016-08-21,RMINRM-201602-0307,"For details, please call 6396 1337",CHESTNUT AVENUE,2016-02-22,LAND TRANSPORT AUTHORITY
2016-10-31,RMINDL-201604-0016,"For details, please call 63328174",CHOA CHU KANG AVENUE 2,2016-05-02,LAND TRANSPORT AUTHORITY
2016-10-31,RMINRM-201604-0115,"For details, please call 63328174",CHOA CHU KANG AVENUE 2,2016-05-02,LAND TRANSPORT AUTHORITY
2016-05-31,RMINRM-201511-0800,"For details, please call 6396 1337",CHOA CHU KANG LOOP,2015-12-01,LAND TRANSPORT AUTHORITY
2016-06-30,RMINRM-201603-0873,"For details, please call",CHOA CHU KANG WAY (Bus Lane Affected),2016-04-01,LAND TRANSPORT AUTHORITY
2016-05-31,RMINRM-201604-0686,"For details, please call 66718408",CIRCUIT ROAD,2016-05-01,LAND TRANSPORT AUTHORITY
2016-06-14,RMINRM-201512-0322,"For details, please call 6396 1337",CLEANTECH VIEW,2015-12-15,LAND TRANSPORT AUTHORITY
2016-06-08,RMINRM-201511-0529,"For details, please call 64792490 /130 (SITE)",CLEMENTI ROAD,2015-12-09,LAND TRANSPORT AUTHORITY
2016-07-08,RMINRM-201511-0531,"For details, please call 64792490 /130 (SITE)",CLEMENTI ROAD,2015-12-07,LAND TRANSPORT AUTHORITY
2016-07-22,RMINRM-201604-0453,"For details, please call 63961386",CLUNY ROAD,2016-04-22,LAND TRANSPORT AUTHORITY
2016-05-30,RMINRM-201604-0312,"For details, please call",COMMONWEALTH AVENUE,2016-04-16,LAND TRANSPORT AUTHORITY
2016-06-08,RMINRM-201511-0526,"For details, please call 64792490 /130 (SITE)",COMMONWEALTH AVENUE WEST,2015-12-09,LAND TRANSPORT AUTHORITY
2016-06-08,RMINRM-201511-0527,"For details, please call 64792490 /130 (SITE)",COMMONWEALTH AVENUE WEST,2015-12-09,LAND TRANSPORT AUTHORITY
2016-08-26,RMINRM-201603-0547,"For details, please call",COMPASSVALE ROAD,2016-03-17,LAND TRANSPORT AUTHORITY
2016-07-10,RMINRM-201511-0426,"For details, please call",COMPASSVALE ROAD,2015-11-30,LAND TRANSPORT AUTHORITY
2018-12-31,RMINRM-201512-0523,"For details, please call 62616287",COMPASSVALE STREET,2015-12-16,LAND TRANSPORT AUTHORITY
2018-12-31,RMINRM-201601-0118,"For details, please call 62616287",COMPASSVALE STREET (Bus Lane Affected),2016-01-11,LAND TRANSPORT AUTHORITY
2016-06-14,RMINRM-201512-0643,"For details, please call",CONWAY CIRCLE,2015-12-23,LAND TRANSPORT AUTHORITY
2016-10-30,RMINRM-201605-0024,"For details, please call 63961385",CORONATION ROAD,2016-05-09,LAND TRANSPORT AUTHORITY
2016-10-30,RMINRM-201605-0022,"For details, please call 63961385",CORONATION ROAD WEST,2016-05-09,LAND TRANSPORT AUTHORITY
2016-05-27,RMINRM-201603-0614,"For details, please call 63328203",CTE TUNNEL,2016-05-23,LAND TRANSPORT AUTHORITY
2016-06-06,RMINRM-201604-0800,"For details, please call 66817681",CTE TUNNEL,2016-05-06,LAND TRANSPORT AUTHORITY
2016-06-06,RMINRM-201604-0798,"For details, please call 66817681",CTE TUNNEL,2016-05-06,LAND TRANSPORT AUTHORITY
2016-06-30,RMINRM-201603-1101,"For details, please call",DEFU AVENUE 1,2016-04-01,LAND TRANSPORT AUTHORITY
2016-06-25,RMINRM-201601-0537,"For details, please call 65946517",DERBYSHIRE ROAD (Bus Lane Affected),2016-02-01,LAND TRANSPORT AUTHORITY
2016-09-30,RMINRM-201605-0026,"For details, please call 63961385",DUCHESS AVENUE,2016-05-09,LAND TRANSPORT AUTHORITY
2016-05-28,RMINRM-201604-0734,"For details, please call 67313411",DUNEARN CLOSE,2016-04-29,PUB - CATCHMENT AND WATERWAYS
2016-10-14,RMINRM-201604-0300,"For details, please call",DUNEARN CLOSE,2016-04-14,LAND TRANSPORT AUTHORITY
2016-05-31,RMINRM-201604-0689,"For details, please call 66030319",DUNEARN ROAD,2016-05-02,LAND TRANSPORT AUTHORITY
2016-06-30,RMINRM-201604-0628,"For details, please call 66030318",DUNEARN ROAD,2016-05-01,LAND TRANSPORT AUTHORITY
2016-06-19,RMINRM-201603-0600,"For details, please call 63961385",DUNEARN ROAD,2016-03-19,LAND TRANSPORT AUTHORITY
2016-07-31,RMINRM-201601-0876,"For details, please call",DUNEARN ROAD,2016-03-01,LAND TRANSPORT AUTHORITY
2016-05-31,RMINRM-201604-0462,"For details, please call 66030319",EAST COAST PARK SERVICE ROAD,2016-05-02,LAND TRANSPORT AUTHORITY
2016-12-31,RMINRM-201512-0920,"For details, please call",EAST COAST PARK SERVICE ROAD,2015-12-30,LAND TRANSPORT AUTHORITY
2016-08-31,RMINRM-201512-0420,"For details, please call",EAST COAST PARK SERVICE ROAD,2015-12-14,LAND TRANSPORT AUTHORITY
2017-06-23,RMINRM-201508-0625,"For details, please call 62430344",EAST COAST PARK SERVICE ROAD,2015-08-24,LAND TRANSPORT AUTHORITY
2017-06-30,RMINRM-201508-0620,"For details, please call 62430344",EAST COAST PARK SERVICE ROAD,2015-08-24,LAND TRANSPORT AUTHORITY
2017-06-30,RMINRM-201508-0617,"For details, please call 62430344",EAST COAST PARK SERVICE ROAD,2015-08-24,LAND TRANSPORT AUTHORITY
2017-06-30,RMINRM-201508-0594,"For details, please call 62430344",EAST COAST PARK SERVICE ROAD,2015-08-21,LAND TRANSPORT AUTHORITY
2017-01-24,RMINRM-201505-0157,"For details, please call 62430344",EAST COAST PARK SERVICE ROAD,2015-05-10,LAND TRANSPORT AUTHORITY
2016-05-30,RMINRM-201601-0415,"For details, please call 63961385",EAST SUSSEX LANE,2016-02-01,LAND TRANSPORT AUTHORITY
2016-08-26,RMINRM-201603-0541,"For details, please call",EDGEDALE PLAINS,2016-03-17,LAND TRANSPORT AUTHORITY
2016-06-27,RMINRM-201512-0691,"For details, please call",EDGEDALE PLAINS,2015-12-28,LAND TRANSPORT AUTHORITY
2016-07-14,RMINRM-201507-0349,"For details, please call",EDGEDALE PLAINS,2015-07-14,LAND TRANSPORT AUTHORITY
2016-06-25,RMINRM-201601-0536,"For details, please call 65946517",ESSEX ROAD (Bus Lane Affected),2016-02-01,LAND TRANSPORT AUTHORITY
2016-05-31,RMINRM-201604-0639,"For details, please call 67095283",EU TONG SEN STREET (Bus Lane Affected),2016-05-01,LAND TRANSPORT AUTHORITY
2017-03-05,RMINRM-201603-0198,"For details, please call",EUNOS LINK (Bus Lane Affected),2016-03-05,LAND TRANSPORT AUTHORITY
2017-03-05,RMINRM-201603-0197,"For details, please call",EUNOS LINK (Bus Lane Affected),2016-03-05,LAND TRANSPORT AUTHORITY
2016-07-12,RMINRM-201601-0158,"For details, please call",FERNVALE CLOSE,2016-01-13,LAND TRANSPORT AUTHORITY
2016-07-26,RMINRM-201602-0411,"For details, please call",FLORENCE ROAD,2016-02-17,LAND TRANSPORT AUTHORITY
2016-07-02,RMINRM-201604-0021,"For details, please call 63961386",FOCH ROAD,2016-04-02,LAND TRANSPORT AUTHORITY
2016-06-06,RMINRM-201604-0797,"For details, please call 66817681",FORT CANNING TUNNEL,2016-05-06,LAND TRANSPORT AUTHORITY
2016-05-31,RMINRM-201604-0640,"For details, please call 66030318",FORT ROAD,2016-05-01,LAND TRANSPORT AUTHORITY
2016-06-14,RMINRM-201512-0651,"For details, please call",GAMBAS AVENUE,2015-12-23,LAND TRANSPORT AUTHORITY
2016-05-31,RMINRM-201604-0718,"For details, please call 67089602",GANGES AVENUE,2016-05-01,LAND TRANSPORT AUTHORITY
2016-10-30,RMINRM-201605-0027,"For details, please call 63961385",GENTLE DRIVE,2016-05-09,LAND TRANSPORT AUTHORITY
2016-10-30,RMINRM-201605-0028,"For details, please call 63961385",GENTLE ROAD,2016-05-09,LAND TRANSPORT AUTHORITY
2016-07-02,RMINRM-201604-0023,"For details, please call 63961386",GEYLANG ROAD,2016-04-02,LAND TRANSPORT AUTHORITY
2016-06-28,RMINRM-201603-0851,"For details, please call 63961385",GHIM MOH LINK,2016-03-28,LAND TRANSPORT AUTHORITY
2016-05-30,RMINRM-201601-0416,"For details, please call 63961385",GILSTEAD ROAD,2016-02-01,LAND TRANSPORT AUTHORITY
2016-06-01,RMINRM-201604-0438,"For details, please call 65682120",GRANGE ROAD (Bus Lane Affected),2016-04-30,LAND TRANSPORT AUTHORITY
2016-06-30,RMINRM-201603-0402,"For details, please call 63961385",GREENLEAF AVENUE,2016-03-23,LAND TRANSPORT AUTHORITY
2016-06-30,RMINRM-201603-0403,"For details, please call 63961385",GREENLEAF DRIVE,2016-03-23,LAND TRANSPORT AUTHORITY
2016-06-30,RMINRM-201603-0404,"For details, please call 63961385",GREENLEAF GROVE,2016-03-23,LAND TRANSPORT AUTHORITY
2016-06-30,RMINRM-201603-0405,"For details, please call 63961385",GREENLEAF LANE,2016-03-23,LAND TRANSPORT AUTHORITY
2016-06-30,RMINRM-201603-0407,"For details, please call 63961385",GREENLEAF PLACE,2016-03-23,LAND TRANSPORT AUTHORITY
2016-06-30,RMINRM-201603-0408,"For details, please call 63961385",GREENLEAF RISE,2016-03-23,LAND TRANSPORT AUTHORITY
2016-06-30,RMINRM-201603-0410,"For details, please call 63961385",GREENLEAF ROAD,2016-03-23,LAND TRANSPORT AUTHORITY
2016-07-30,RMINRM-201603-0413,"For details, please call 63961385",GREENLEAF VIEW,2016-03-23,LAND TRANSPORT AUTHORITY
2016-06-30,RMINRM-201603-0411,"For details, please call 63961385",GREENLEAF WALK,2016-03-23,LAND TRANSPORT AUTHORITY
2016-06-30,RMINRM-201603-0338,"For details, please call 64406298",GUILLEMARD ROAD,2016-04-01,LAND TRANSPORT AUTHORITY
2016-06-30,RMINRM-201603-0337,"For details, please call 64406298",GUILLEMARD ROAD,2016-04-01,LAND TRANSPORT AUTHORITY
2016-06-04,RMINRM-201605-0055,"For details, please call",GUL AVENUE,2016-05-06,LAND TRANSPORT AUTHORITY
2016-06-04,RMINRM-201605-0056,"For details, please call",GUL AVENUE,2016-05-05,LAND TRANSPORT AUTHORITY
2016-06-04,RMINRM-201605-0058,"For details, please call",GUL CRESCENT,2016-05-06,LAND TRANSPORT AUTHORITY
2016-06-04,RMINRM-201605-0057,"For details, please call",GUL CRESCENT,2016-05-06,LAND TRANSPORT AUTHORITY
2016-06-04,RMINRM-201605-0059,"For details, please call",GUL DRIVE,2016-05-06,LAND TRANSPORT AUTHORITY
2016-06-04,RMINRM-201605-0060,"For details, please call",GUL DRIVE,2016-05-06,LAND TRANSPORT AUTHORITY
2016-06-04,RMINRM-201605-0061,"For details, please call",GUL LANE,2016-05-06,LAND TRANSPORT AUTHORITY
2016-06-04,RMINRM-201605-0062,"For details, please call",GUL LANE,2016-05-06,LAND TRANSPORT AUTHORITY
2016-06-04,RMINRM-201605-0064,"For details, please call",GUL WAY (Bus Lane Affected),2016-05-06,LAND TRANSPORT AUTHORITY
2016-06-04,RMINRM-201605-0065,"For details, please call",GUL WAY (Bus Lane Affected),2016-05-06,LAND TRANSPORT AUTHORITY
2016-08-31,RMINRM-201605-0106,"For details, please call 65172008",HAVELOCK ROAD,2016-05-05,PUB - WATER RECLAMATION (NETWORK) DEPT
2016-05-31,RMINRM-201604-0716,"For details, please call 67089602",HAVELOCK ROAD,2016-05-01,LAND TRANSPORT AUTHORITY
2016-06-28,RMINRM-201603-0854,"For details, please call 63961385",HENDERSON ROAD,2016-03-28,LAND TRANSPORT AUTHORITY
2016-07-30,RMINDL-201603-0044,"For details, please call 63328174",HOLLAND AVENUE,2016-04-15,LAND TRANSPORT AUTHORITY
2016-07-30,RMINRM-201603-0646,"For details, please call 63328174",HOLLAND AVENUE,2016-04-15,LAND TRANSPORT AUTHORITY
2016-05-31,RMINRM-201604-0763,"For details, please call",HOUGANG AVENUE 2,2016-05-03,LAND TRANSPORT AUTHORITY
2016-05-31,RMINRM-201604-0765,"For details, please call",HOUGANG AVENUE 2,2016-05-03,LAND TRANSPORT AUTHORITY
2016-06-30,RMINRM-201603-0875,"For details, please call",HOUGANG AVENUE 3,2016-04-01,LAND TRANSPORT AUTHORITY
2016-05-31,RMINRM-201604-0764,"For details, please call",HOUGANG AVENUE 8,2016-05-03,LAND TRANSPORT AUTHORITY
2016-07-25,RMINRM-201602-0089,"For details, please call",HOUGANG AVENUE 8,2016-02-05,LAND TRANSPORT AUTHORITY
2018-04-30,RMINRM-201604-0715,"For details, please call",HOUGANG CENTRAL,2016-04-29,LAND TRANSPORT AUTHORITY
2017-12-30,RMINRM-201604-0605,"For details, please call",HOUGANG CENTRAL,2016-04-27,LAND TRANSPORT AUTHORITY
2016-06-20,RMINRM-201601-0335,"For details, please call 65946504",IRRAWADDY ROAD,2016-01-19,LAND TRANSPORT AUTHORITY
2016-05-31,RMINRM-201604-0415,"For details, please call",JALAN BESAR,2016-05-01,LAND TRANSPORT AUTHORITY
2016-06-15,RMINRM-201311-0565,"For details, please call 65802421",JALAN BESAR,2013-11-26,LAND TRANSPORT AUTHORITY
2016-06-15,RMINRM-201309-0647,"For details, please call 65802421",JALAN BESAR,2013-10-04,LAND TRANSPORT AUTHORITY
2016-06-15,RMINRM-201402-0472,"For details, please call 65802421",JALAN BESAR (Bus Lane Affected),2014-02-26,LAND TRANSPORT AUTHORITY
2016-05-31,RMINRM-201604-0719,"For details, please call 67089602",JALAN BUKIT HO SWEE,2016-05-01,LAND TRANSPORT AUTHORITY
2016-10-11,RMINRM-201604-0124,"For details, please call 63961384",JALAN BUROH,2016-04-12,LAND TRANSPORT AUTHORITY
2016-07-30,RMINRM-201603-0137,"For details, please call 64222121",JALAN DAMAI (Bus Lane Affected),2016-03-11,LAND TRANSPORT AUTHORITY
2018-12-31,RMINRM-201512-0524,"For details, please call 62616287",JALAN ENAM,2015-12-16,LAND TRANSPORT AUTHORITY
2016-06-30,RMINRM-201603-0874,"For details, please call",JALAN EUNOS (Bus Lane Affected),2016-04-01,LAND TRANSPORT AUTHORITY
2016-05-31,RMINRM-201604-0401,"For details, please call",JALAN KAYU,2016-04-25,LAND TRANSPORT AUTHORITY
2016-05-31,RMINRM-201602-0446,"For details, please call +6564787611",JALAN KELI (Bus Lane Affected),2016-03-01,LAND TRANSPORT AUTHORITY
2016-11-01,RMINRM-201604-0626,"For details, please call 6396 1337",JALAN LAYANG LAYANG,2016-05-02,LAND TRANSPORT AUTHORITY
2016-10-12,RMINRM-201604-0156,"For details, please call 6396 1337",JALAN LEMPENG,2016-04-13,LAND TRANSPORT AUTHORITY
2016-10-11,RMINRM-201604-0092,"For details, please call 6396 1337",JALAN MAS KUNING,2016-04-12,LAND TRANSPORT AUTHORITY
2016-05-31,RMINRM-201602-0444,"For details, please call +6564787611",JALAN PELATINA (Bus Lane Affected),2016-03-01,LAND TRANSPORT AUTHORITY
2016-05-31,RMINRM-201602-0447,"For details, please call +6564787611",JALAN PELATINA (Bus Lane Affected),2016-03-01,LAND TRANSPORT AUTHORITY
2016-05-30,RMINRM-201604-0309,"For details, please call",JALAN RAJAH,2016-04-16,LAND TRANSPORT AUTHORITY
2016-05-31,RMINRM-201602-0683,"For details, please call 63961385",JALAN TAN TOCK SENG,2016-02-29,LAND TRANSPORT AUTHORITY
2016-07-30,RMINRM-201603-0138,"For details, please call 64222121",JALAN TENAGA (Bus Lane Affected),2016-03-04,LAND TRANSPORT AUTHORITY
2016-06-24,RMINRM-201601-0526,"For details, please call 6396 1337",JALAN TUKANG,2016-01-25,LAND TRANSPORT AUTHORITY
2016-05-31,RMINRM-201604-0323,"For details, please call 64509310",JASMINE ROAD,2016-04-18,LAND TRANSPORT AUTHORITY
2016-05-31,RMINRM-201602-0443,"For details, please call +6564787611",JASMINE ROAD (Bus Lane Affected),2016-03-01,LAND TRANSPORT AUTHORITY
2016-09-30,RMINRM-201605-0030,"For details, please call 63961385",JERVOIS ROAD,2016-05-09,LAND TRANSPORT AUTHORITY
2016-06-30,RMINRM-201605-0151,"For details, please call 63961384",JOO KOON ROAD,2016-05-18,LAND TRANSPORT AUTHORITY
2016-06-15,RMINRM-201605-0154,"For details, please call 63961384",JURONG EAST AVENUE 1,2016-05-18,LAND TRANSPORT AUTHORITY
2016-10-31,RMINRM-201604-0110,"For details, please call 63328174",JURONG EAST AVENUE 1,2016-05-02,LAND TRANSPORT AUTHORITY
2016-10-31,RMINDL-201604-0011,"For details, please call 63328174",JURONG EAST AVENUE 1,2016-05-02,LAND TRANSPORT AUTHORITY
2016-10-31,RMINDL-201604-0018,"For details, please call 63328174",JURONG EAST CENTRAL,2016-05-02,LAND TRANSPORT AUTHORITY
2016-10-31,RMINRM-201604-0118,"For details, please call 63328174",JURONG EAST CENTRAL,2016-05-02,LAND TRANSPORT AUTHORITY
2016-05-31,RMINRM-201604-0137,"For details, please call 63961384",JURONG EAST STREET 13,2016-04-20,LAND TRANSPORT AUTHORITY
2016-05-31,RMINRM-201604-0135,"For details, please call 63961384",JURONG EAST STREET 24,2016-04-20,LAND TRANSPORT AUTHORITY
2016-10-31,RMINDL-201604-0020,"For details, please call 63328174",JURONG EAST STREET 31,2016-05-02,LAND TRANSPORT AUTHORITY
2016-10-31,RMINRM-201604-0120,"For details, please call 63328174",JURONG EAST STREET 31,2016-05-02,LAND TRANSPORT AUTHORITY
2016-06-14,RMINRM-201512-0321,"For details, please call 6396 1337",JURONG WEST STREET 41,2015-12-15,LAND TRANSPORT AUTHORITY
2016-10-11,RMINRM-201604-0090,"For details, please call 6396 1337",JURONG WEST STREET 42,2016-04-12,LAND TRANSPORT AUTHORITY
2016-10-31,RMINDL-201604-0014,"For details, please call 63328174",JURONG WEST STREET 51,2016-05-02,LAND TRANSPORT AUTHORITY
2016-10-31,RMINRM-201604-0113,"For details, please call 63328174",JURONG WEST STREET 51,2016-05-02,LAND TRANSPORT AUTHORITY
2016-10-31,RMINRM-201604-0112,"For details, please call 63328174",JURONG WEST STREET 52,2016-05-02,LAND TRANSPORT AUTHORITY
2016-10-31,RMINDL-201604-0013,"For details, please call 63328174",JURONG WEST STREET 52,2016-05-02,LAND TRANSPORT AUTHORITY
2016-06-30,RMINRM-201603-0267,"For details, please call 63328133",JURONG WEST STREET 62,2016-03-12,LAND TRANSPORT AUTHORITY
2016-06-30,RMINRM-201603-0272,"For details, please call 63328133",JURONG WEST STREET 64,2016-03-17,LAND TRANSPORT AUTHORITY
2016-07-30,RMINRM-201602-0652,"For details, please call 64222121",KAKI BUKIT AVENUE 1 (Bus Lane Affected),2016-02-27,LAND TRANSPORT AUTHORITY
2016-07-30,RMINRM-201602-0310,"For details, please call 64222121",KAKI BUKIT AVENUE 1 (Bus Lane Affected),2016-02-15,LAND TRANSPORT AUTHORITY
2016-07-30,RMINRM-201603-0140,"For details, please call 64222121",KAKI BUKIT ROAD 3 (Bus Lane Affected),2016-03-11,LAND TRANSPORT AUTHORITY
2017-02-28,RMINRM-201504-0415,"For details, please call 6295 7346",KALLANG AVENUE,2015-04-20,LAND TRANSPORT AUTHORITY
2016-07-31,RMINRM-201604-0436,"For details, please call 65802421",KALLANG BAHRU (Bus Lane Affected),2016-05-01,LAND TRANSPORT AUTHORITY
2016-12-31,RMINRM-201603-0962,"For details, please call 62788245",KAMPONG BAHRU ROAD,2016-04-01,LAND TRANSPORT AUTHORITY
2016-12-31,RMINRM-201603-0958,"For details, please call 62788245",KAMPONG BAHRU ROAD,2016-04-01,LAND TRANSPORT AUTHORITY
2016-06-25,RMINRM-201601-0540,"For details, please call 65946517",KAMPONG JAVA ROAD (Bus Lane Affected),2016-02-15,LAND TRANSPORT AUTHORITY
2016-06-25,RMINRM-201601-0539,"For details, please call 65946517",KENG LEE ROAD (Bus Lane Affected),2016-02-15,LAND TRANSPORT AUTHORITY
2016-06-13,RMINRM-201605-0126,"For details, please call 68923811",KEPPEL ROAD,2016-05-09,LAND TRANSPORT AUTHORITY
2016-12-31,RMINRM-201603-0965,"For details, please call 62788245",KEPPEL ROAD,2016-04-01,LAND TRANSPORT AUTHORITY
2016-05-31,RMINRM-201604-0806,"For details, please call",KEPPEL ROAD (Bus Lane Affected),2016-05-01,LAND TRANSPORT AUTHORITY
2016-05-31,RMINRM-201604-0805,"For details, please call",KEPPEL ROAD (Bus Lane Affected),2016-05-01,LAND TRANSPORT AUTHORITY
2016-07-30,RMINRM-201603-0429,"For details, please call 65946504",KERBAU ROAD,2016-03-28,LAND TRANSPORT AUTHORITY
2016-05-29,RMINRM-201603-1103,"For details, please call",KIM CHUAN ROAD,2016-04-01,LAND TRANSPORT AUTHORITY
2016-05-29,RMINRM-201602-0580,"For details, please call",KIM CHUAN ROAD,2016-02-29,LAND TRANSPORT AUTHORITY
2016-05-31,RMINRM-201604-0720,"For details, please call 67089602",KIM SENG ROAD,2016-05-01,LAND TRANSPORT AUTHORITY
2017-06-22,RMINRM-201506-0927,"For details, please call 64222119",KIM SENG ROAD,2015-06-28,LAND TRANSPORT AUTHORITY
2017-06-30,RMINRM-201603-0199,"For details, please call 65729647",KOH SEK LIM ROAD,2016-03-15,LAND TRANSPORT AUTHORITY
2017-07-31,RMINRM-201507-0028,"For details, please call 65729647",KOH SEK LIM ROAD (Bus Lane Affected),2015-07-06,LAND TRANSPORT AUTHORITY
2016-05-30,RMINRM-201605-0104,"For details, please call 6396 1337",KPE,2016-05-13,LAND TRANSPORT AUTHORITY
2016-05-30,RMINRM-201605-0066,"For details, please call 6396 1337",KPE,2016-05-13,LAND TRANSPORT AUTHORITY
2016-05-27,RMINRM-201604-0655,"For details, please call 63895063",KPE (TUNNEL),2016-05-26,LAND TRANSPORT AUTHORITY
2016-09-02,RMINRM-201602-0543,"For details, please call 6396 1337",KRANJI CRESCENT,2016-03-03,LAND TRANSPORT AUTHORITY
2016-05-31,RMINRM-201603-0348,"For details, please call 63961384",KRANJI EXPRESSWAY,2016-04-01,LAND TRANSPORT AUTHORITY
2016-05-31,RMINRM-201603-0349,"For details, please call 63961384",KRANJI EXPRESSWAY,2016-04-01,LAND TRANSPORT AUTHORITY
2016-07-25,RMINRM-201601-0498,"For details, please call 6396 1337",KRANJI LOOP,2016-01-26,LAND TRANSPORT AUTHORITY
2017-07-31,RMINRM-201510-0629,"For details, please call 65729647",LAGUNA GOLF GREEN,2015-10-22,LAND TRANSPORT AUTHORITY
2016-06-01,RMINRM-201511-0654,"For details, please call 66378025",LEICESTER ROAD (Bus Lane Affected),2015-11-23,LAND TRANSPORT AUTHORITY
2016-06-07,RMINRM-201603-0144,"For details, please call 63961386",LORONG 33 GEYLANG,2016-03-07,LAND TRANSPORT AUTHORITY
2016-06-07,RMINRM-201603-0145,"For details, please call 63961386",LORONG 34 GEYLANG,2016-03-07,LAND TRANSPORT AUTHORITY
2016-06-07,RMINRM-201603-0146,"For details, please call 63961386",LORONG 35 GEYLANG,2016-03-07,LAND TRANSPORT AUTHORITY
2016-06-07,RMINRM-201603-0147,"For details, please call 63961386",LORONG 41 GEYLANG,2016-03-07,LAND TRANSPORT AUTHORITY
2016-06-30,RMINRM-201603-0878,"For details, please call",LORONG 6 TOA PAYOH,2016-04-01,LAND TRANSPORT AUTHORITY
2016-09-22,RMINRM-201603-0496,"For details, please call",LORONG 8 TOA PAYOH,2016-03-23,LAND TRANSPORT AUTHORITY
2016-06-14,RMINRM-201512-0648,"For details, please call",LORONG 8 TOA PAYOH,2015-12-23,LAND TRANSPORT AUTHORITY
2016-12-31,RMINRM-201604-0799,"For details, please call 67632887",LORONG HALUS,2016-05-03,LAND TRANSPORT AUTHORITY
2016-12-31,RMINRM-201603-0968,"For details, please call 62788245",LOWER DELTA ROAD,2016-04-01,LAND TRANSPORT AUTHORITY
2016-12-31,RMINRM-201603-0966,"For details, please call 62788245",LOWER DELTA ROAD,2016-04-01,LAND TRANSPORT AUTHORITY
2017-02-28,RMINRM-201601-0989,"For details, please call 6295 7346",LOWER SELETAR CLOSE,2016-02-01,LAND TRANSPORT AUTHORITY
2018-12-31,RMINRM-201512-0526,"For details, please call 62616287",LOWLAND ROAD,2015-12-16,LAND TRANSPORT AUTHORITY
2016-05-31,RMINRM-201604-0073,"For details, please call 65551557",LOYANG AVENUE,2016-05-02,LAND TRANSPORT AUTHORITY
2016-05-31,RMINRM-201604-0762,"For details, please call 64406298",LOYANG AVENUE,2016-05-02,LAND TRANSPORT AUTHORITY
2016-11-30,RMINRM-201604-0241,"For details, please call",LOYANG AVENUE,2016-04-22,LAND TRANSPORT AUTHORITY
2017-01-01,RMINRM-201409-0828,"For details, please call",MANDAI AVENUE,2014-10-01,LAND TRANSPORT AUTHORITY
2016-10-04,RMINRM-201603-1078,"For details, please call 6396 1337",MANDAI LINK,2016-04-05,LAND TRANSPORT AUTHORITY
2016-05-27,RMINRM-201604-0382,"For details, please call 6332 6505",MANDAI ROAD,2016-04-21,LAND TRANSPORT AUTHORITY
2016-07-25,RMINRM-201601-0497,"For details, please call 6396 1337",MANDAI ROAD,2016-01-26,LAND TRANSPORT AUTHORITY
2016-05-27,RMINRM-201605-0159,"For details, please call",MANDAI ROAD (Bus Lane Affected),2016-05-09,LAND TRANSPORT AUTHORITY
2016-06-28,RMINRM-201603-0855,"For details, please call 63961385",MARGARET DRIVE,2016-03-28,LAND TRANSPORT AUTHORITY
2016-05-30,RMINRM-201601-0883,"For details, please call",MARGOLIOUTH ROAD,2016-01-28,LAND TRANSPORT AUTHORITY
2016-05-31,RMINRM-201604-0503,"For details, please call 66031034",MARINE CRESCENT,2016-05-01,LAND TRANSPORT AUTHORITY
2016-05-31,RMINRM-201604-0189,"For details, please call 66031034",MARINE CRESCENT,2016-04-11,LAND TRANSPORT AUTHORITY
2016-05-31,RMINRM-201604-0505,"For details, please call 66031034",MARINE PARADE ROAD (Bus Lane Affected),2016-05-01,LAND TRANSPORT AUTHORITY
2016-05-31,RMINRM-201604-0464,"For details, please call",MARINE PARADE ROAD (Bus Lane Affected),2016-04-22,LAND TRANSPORT AUTHORITY
2016-05-30,RMINRM-201604-0504,"For details, please call 66031034",MARINE TERRACE,2016-05-01,LAND TRANSPORT AUTHORITY
2016-05-31,RMINRM-201604-0187,"For details, please call 66031034",MARINE TERRACE,2016-04-11,LAND TRANSPORT AUTHORITY
2016-12-31,RMINRM-201603-0626,"For details, please call",MARINE TERRACE,2016-03-24,LAND TRANSPORT AUTHORITY
2016-09-03,RMINRM-201604-0010,"For details, please call",MARSILING ROAD,2016-04-04,LAND TRANSPORT AUTHORITY
2016-07-30,RMINRM-201603-0415,"For details, please call 63961385",MARYLAND DRIVE,2016-03-23,LAND TRANSPORT AUTHORITY
2017-03-31,RMINRM-201603-0838,"For details, please call",MARYMOUNT ROAD (Bus Lane Affected),2016-03-21,LAND TRANSPORT AUTHORITY
2017-03-31,RMINRM-201603-0841,"For details, please call",MARYMOUNT ROAD (Bus Lane Affected),2016-03-21,LAND TRANSPORT AUTHORITY
2016-06-30,RMINRM-201604-0536,"For details, please call 65919588",MAXWELL ROAD,2016-05-01,LAND TRANSPORT AUTHORITY
2016-09-22,RMINRM-201603-0516,"For details, please call",MAYFLOWER ROAD,2016-03-23,LAND TRANSPORT AUTHORITY
2016-05-31,RMINRM-201604-0717,"For details, please call 66817689",MCCALLUM STREET,2016-05-01,LAND TRANSPORT AUTHORITY
2017-03-20,RMINRM-201603-0436,"For details, please call 62957407",MEDIA CIRCLE,2016-03-21,LAND TRANSPORT AUTHORITY
2017-03-20,RMINRM-201603-0438,"For details, please call 62957407",MEDIA CIRCLE,2016-03-21,LAND TRANSPORT AUTHORITY
2017-03-20,RMINRM-201603-0439,"For details, please call 62957407",MEDIA LINK,2016-03-21,LAND TRANSPORT AUTHORITY
2016-08-26,RMINRM-201603-0545,"For details, please call",MEYAPPA CHETTIAR ROAD,2016-03-17,LAND TRANSPORT AUTHORITY
2016-07-04,RMINRM-201605-0016,"For details, please call 66030318",MEYER ROAD,2016-05-04,LAND TRANSPORT AUTHORITY
2016-05-31,RMINRM-201604-0531,"For details, please call 65576714",MIDDLE ROAD,2016-05-02,LAND TRANSPORT AUTHORITY
2016-09-30,RMINRM-201603-0912,"For details, please call",MIMOSA ROAD,2016-03-31,LAND TRANSPORT AUTHORITY
2016-06-07,RMINRM-201603-0148,"For details, please call 63961386",MOULMEIN ROAD,2016-03-07,LAND TRANSPORT AUTHORITY
2016-06-25,RMINRM-201601-0533,"For details, please call 65946517",MOULMEIN ROAD (Bus Lane Affected),2016-01-25,LAND TRANSPORT AUTHORITY
2016-06-20,RMINRM-201601-0319,"For details, please call 65946504",MOUNT PLEASANT ROAD,2016-01-19,LAND TRANSPORT AUTHORITY
2016-06-30,RMINRM-201603-0332,"For details, please call 64406298",MOUNTBATTEN ROAD,2016-04-01,LAND TRANSPORT AUTHORITY
2016-06-30,RMINRM-201603-0333,"For details, please call 64406298",MOUNTBATTEN ROAD,2016-04-01,LAND TRANSPORT AUTHORITY
2016-06-30,RMINRM-201603-0876,"For details, please call",MOUNTBATTEN ROAD,2016-04-01,LAND TRANSPORT AUTHORITY
2016-05-31,RMINRM-201604-0608,"For details, please call 6332 6505",NANYANG AVENUE,2016-04-27,LAND TRANSPORT AUTHORITY
2016-10-21,RMINRM-201604-0451,"For details, please call",NASSIM ROAD,2016-04-21,LAND TRANSPORT AUTHORITY
2016-07-01,RMINRM-201603-1054,"For details, please call",NASSIM ROAD,2016-04-01,LAND TRANSPORT AUTHORITY
2016-06-30,RMINRM-201604-0539,"For details, please call 65919588",NEIL ROAD (Bus Lane Affected),2016-05-01,LAND TRANSPORT AUTHORITY
2017-02-28,RMINRM-201602-0393,"For details, please call 66544622",NEIL ROAD (Bus Lane Affected),2016-02-17,LAND TRANSPORT AUTHORITY
2016-05-31,RMINRM-201604-0617,"For details, please call 67095283",NEW BRIDGE ROAD (Bus Lane Affected),2016-05-01,LAND TRANSPORT AUTHORITY
2016-07-31,RMINRM-201605-0107,"For details, please call 65172008",NEW MARKET ROAD,2016-05-05,PUB - WATER RECLAMATION (NETWORK) DEPT
2016-08-31,RMINRM-201604-0541,"For details, please call 65172008",NEW MARKET ROAD,2016-04-26,PUB - WATER RECLAMATION (NETWORK) DEPT
2016-08-31,RMINRM-201604-0540,"For details, please call 65172008",NEW MARKET ROAD,2016-04-26,PUB - WATER RECLAMATION (NETWORK) DEPT
2017-03-31,RMINRM-201603-0385,"For details, please call +6563384689",NEW UPPER CHANGI ROAD,2016-03-18,LAND TRANSPORT AUTHORITY
2017-03-31,RMINRM-201603-0386,"For details, please call +6563384689",NEW UPPER CHANGI ROAD,2016-03-18,LAND TRANSPORT AUTHORITY
2018-09-29,RMINRM-201507-0926,"For details, please call 62616287",NEW UPPER CHANGI ROAD (Bus Lane Affected),2015-07-29,LAND TRANSPORT AUTHORITY
2018-09-29,RMINRM-201507-0919,"For details, please call 62616287",NEW UPPER CHANGI ROAD (Bus Lane Affected),2015-07-29,LAND TRANSPORT AUTHORITY
2016-06-25,RMINRM-201601-0532,"For details, please call 65946517",NEWTON ROAD (Bus Lane Affected),2016-01-25,LAND TRANSPORT AUTHORITY
2016-06-30,RMINRM-201603-0335,"For details, please call 64406298",NICOLL HIGHWAY,2016-04-01,LAND TRANSPORT AUTHORITY
2016-06-30,RMINRM-201603-0334,"For details, please call 64406298",NICOLL HIGHWAY,2016-04-01,LAND TRANSPORT AUTHORITY
2016-06-30,RMINRM-201603-0440,"For details, please call 65946504",NICOLL HIGHWAY (Bus Lane Affected),2016-03-21,LAND TRANSPORT AUTHORITY
2016-06-25,RMINRM-201601-0541,"For details, please call 65946517",NORFOLK ROAD (Bus Lane Affected),2016-02-15,LAND TRANSPORT AUTHORITY
2016-06-09,RMINRM-201603-0277,"For details, please call 6396 1375",NORTH BUONA VISTA ROAD,2016-03-09,LAND TRANSPORT AUTHORITY
2017-03-20,RMINRM-201605-0054,"For details, please call 62957407",ONE-NORTH GATEWAY,2016-05-04,LAND TRANSPORT AUTHORITY
2017-03-20,RMINRM-201604-0461,"For details, please call 62957407",ONE-NORTH GATEWAY,2016-04-22,LAND TRANSPORT AUTHORITY
2017-03-20,RMINRM-201603-0462,"For details, please call 62957407",ONE-NORTH GATEWAY,2016-03-21,LAND TRANSPORT AUTHORITY
2017-03-20,RMINRM-201603-0457,"For details, please call 62957407",ONE-NORTH LINK,2016-03-21,LAND TRANSPORT AUTHORITY
2017-03-20,RMINRM-201603-0456,"For details, please call 62957407",ONE-NORTH LINK,2016-03-21,LAND TRANSPORT AUTHORITY
2016-06-30,RMINRM-201603-0444,"For details, please call 65946504",OPHIR ROAD (Bus Lane Affected),2016-03-21,LAND TRANSPORT AUTHORITY
2016-05-31,RMINRM-201605-0080,"For details, please call 6517 0369",ORCHARD BOULEVARD,2016-05-05,LAND TRANSPORT AUTHORITY
2016-10-31,RMINRM-201603-0924,"For details, please call 6517 0369",ORCHARD BOULEVARD,2016-04-01,LAND TRANSPORT AUTHORITY
2016-07-31,RMINRM-201603-0810,"For details, please call 6517 0369",ORCHARD BOULEVARD (Bus Lane Affected),2016-04-01,LAND TRANSPORT AUTHORITY
2016-07-31,RMINRM-201603-0804,"For details, please call 6517 0369",ORCHARD BOULEVARD (Bus Lane Affected),2016-04-01,LAND TRANSPORT AUTHORITY
2016-05-31,RMINRM-201604-0592,"For details, please call 67095283",OUTRAM ROAD (Bus Lane Affected),2016-05-01,LAND TRANSPORT AUTHORITY
2016-05-31,RMINRM-201604-0589,"For details, please call 67095283",OUTRAM ROAD (Bus Lane Affected),2016-05-01,LAND TRANSPORT AUTHORITY
2016-06-07,RMINRM-201605-0160,"For details, please call",PAN ISLAND EXPRESSWAY,2016-05-07,LAND TRANSPORT AUTHORITY
2016-06-07,RMINRM-201605-0093,"For details, please call",PAN ISLAND EXPRESSWAY,2016-05-07,LAND TRANSPORT AUTHORITY
2016-06-07,RMINRM-201605-0149,"For details, please call",PAN ISLAND EXPRESSWAY,2016-05-07,LAND TRANSPORT AUTHORITY
2016-06-07,RMINRM-201605-0150,"For details, please call",PAN ISLAND EXPRESSWAY,2016-05-07,LAND TRANSPORT AUTHORITY
2016-05-31,RMINRM-201604-0062,"For details, please call 65551557",PAN ISLAND EXPRESSWAY,2016-05-02,LAND TRANSPORT AUTHORITY
2016-05-31,RMINRM-201604-0606,"For details, please call 67633825(SITE)",PAN ISLAND EXPRESSWAY,2016-05-01,LAND TRANSPORT AUTHORITY
2016-05-31,RMINRM-201603-0950,"For details, please call",PAN ISLAND EXPRESSWAY,2016-05-01,LAND TRANSPORT AUTHORITY
2016-05-31,RMINRM-201603-0353,"For details, please call 63961384",PAN ISLAND EXPRESSWAY,2016-04-01,LAND TRANSPORT AUTHORITY
2016-05-31,RMINRM-201603-0356,"For details, please call 63961384",PAN ISLAND EXPRESSWAY,2016-04-01,LAND TRANSPORT AUTHORITY
2016-05-31,RMINRM-201603-0355,"For details, please call 63961384",PAN ISLAND EXPRESSWAY,2016-04-01,LAND TRANSPORT AUTHORITY
2016-05-31,RMINRM-201603-0354,"For details, please call 63961384",PAN ISLAND EXPRESSWAY,2016-04-01,LAND TRANSPORT AUTHORITY
2016-06-14,RMINRM-201512-0712,"For details, please call",PAN ISLAND EXPRESSWAY,2015-12-28,LAND TRANSPORT AUTHORITY
2016-06-25,RMINRM-201604-0347,"For details, please call 67633825(SITE)",PASIR PANJANG ROAD,2016-04-25,LAND TRANSPORT AUTHORITY
2017-03-02,RMINRM-201504-0153,"For details, please call 6295 7346",PASIR RIS DRIVE 3,2015-04-13,LAND TRANSPORT AUTHORITY
2018-12-31,RMINRM-201601-0115,"For details, please call 62616287",PASIR RIS STREET 53,2016-01-06,LAND TRANSPORT AUTHORITY
2016-07-31,RMINRM-201603-0818,"For details, please call 6517 0369",PATERSON ROAD (Bus Lane Affected),2016-04-01,LAND TRANSPORT AUTHORITY
2016-05-31,RMINRM-201604-0685,"For details, please call 66718408",PAYA LEBAR ROAD (Bus Lane Affected),2016-05-01,LAND TRANSPORT AUTHORITY
2016-07-08,RMINRM-201604-0122,"For details, please call 63961386",PECK SEAH STREET,2016-04-08,LAND TRANSPORT AUTHORITY
2016-05-31,RMINRM-201605-0005,"For details, please call 6332 6505",PETIR ROAD,2016-05-04,LAND TRANSPORT AUTHORITY
2016-08-21,RMINRM-201602-0308,"For details, please call 6396 1337",PETIR ROAD,2016-02-22,LAND TRANSPORT AUTHORITY
2016-08-31,RMINRM-201604-0758,"For details, please call",PIONEER ROAD,2016-05-16,LAND TRANSPORT AUTHORITY
2016-10-31,RMINDL-201604-0017,"For details, please call 63328174",PIONEER ROAD NORTH,2016-05-02,LAND TRANSPORT AUTHORITY
2016-10-31,RMINRM-201604-0117,"For details, please call 63328174",PIONEER ROAD NORTH,2016-05-02,LAND TRANSPORT AUTHORITY
2016-05-31,RMINRM-201604-0781,"For details, please call",PIONEER SECTOR 1,2016-04-30,LAND TRANSPORT AUTHORITY
2016-05-31,RMINRM-201604-0779,"For details, please call",PIONEER SECTOR 1,2016-04-30,LAND TRANSPORT AUTHORITY
2016-05-31,RMINRM-201604-0783,"For details, please call",PIONEER SECTOR 2,2016-04-30,LAND TRANSPORT AUTHORITY
2016-05-31,RMINRM-201604-0782,"For details, please call",PIONEER SECTOR 2,2016-04-30,LAND TRANSPORT AUTHORITY
2016-06-30,RMINRM-201511-0801,"For details, please call 6396 1337",PIONEER VIEW,2015-12-01,LAND TRANSPORT AUTHORITY
2017-03-20,RMINRM-201603-0441,"For details, please call 62957407",PORTSDOWN ROAD,2016-03-21,LAND TRANSPORT AUTHORITY
2017-03-20,RMINRM-201603-0442,"For details, please call 62957407",PORTSDOWN ROAD,2016-03-21,LAND TRANSPORT AUTHORITY
2017-03-20,RMINRM-201603-0435,"For details, please call 62957407",PORTSDOWN ROAD,2016-03-21,LAND TRANSPORT AUTHORITY
2017-03-20,RMINRM-201603-0463,"For details, please call 62957407",PORTSDOWN ROAD,2016-03-21,LAND TRANSPORT AUTHORITY
2016-08-26,RMINRM-201603-0544,"For details, please call",PUNGGOL DRIVE,2016-03-17,LAND TRANSPORT AUTHORITY
2016-08-26,RMINRM-201603-0537,"For details, please call",PUNGGOL DRIVE,2016-03-17,LAND TRANSPORT AUTHORITY
2016-08-26,RMINRM-201603-0536,"For details, please call",PUNGGOL DRIVE,2016-03-17,LAND TRANSPORT AUTHORITY
2016-12-31,RMINRM-201604-0104,"For details, please call 63126281",PUNGGOL EAST,2016-04-07,LAND TRANSPORT AUTHORITY
2016-06-30,RMINRM-201604-0008,"For details, please call 63126281",PUNGGOL EAST,2016-04-01,LAND TRANSPORT AUTHORITY
2016-06-30,RMINRM-201602-0454,"For details, please call 63126281",PUNGGOL EAST,2016-03-01,LAND TRANSPORT AUTHORITY
2016-06-20,RMINRM-201512-0559,"For details, please call",PUNGGOL EAST,2015-12-21,LAND TRANSPORT AUTHORITY
2016-07-30,RMINRM-201603-0655,"For details, please call 63328174",PUNGGOL FIELD,2016-04-15,LAND TRANSPORT AUTHORITY
2016-07-30,RMINDL-201603-0049,"For details, please call 63328174",PUNGGOL FIELD,2016-04-15,LAND TRANSPORT AUTHORITY
2017-12-30,RMINRM-201603-0559,"For details, please call",PUNGGOL PLACE,2016-03-21,LAND TRANSPORT AUTHORITY
2016-06-27,RMINRM-201512-1030,"For details, please call",PUNGGOL ROAD,2015-12-28,LAND TRANSPORT AUTHORITY
2016-06-27,RMINRM-201512-1029,"For details, please call",PUNGGOL ROAD,2015-12-28,LAND TRANSPORT AUTHORITY
2016-06-27,RMINRM-201512-1024,"For details, please call",PUNGGOL ROAD,2015-12-28,LAND TRANSPORT AUTHORITY
2016-06-27,RMINRM-201512-1027,"For details, please call",PUNGGOL ROAD,2015-12-28,LAND TRANSPORT AUTHORITY
2016-06-27,RMINRM-201512-0714,"For details, please call",PUNGGOL ROAD,2015-12-28,LAND TRANSPORT AUTHORITY
2016-06-27,RMINRM-201512-1026,"For details, please call",PUNGGOL ROAD,2015-12-28,LAND TRANSPORT AUTHORITY
2016-09-12,RMINRM-201603-0318,"For details, please call 6396 2102",PUNGGOL WAY (Bus Lane Affected),2016-03-14,LAND TRANSPORT AUTHORITY
2016-06-30,RMINRM-201603-0445,"For details, please call 65946504",QUEEN STREET (Bus Lane Affected),2016-03-21,LAND TRANSPORT AUTHORITY
2016-06-30,RMINRM-201603-0443,"For details, please call 65946504",QUEEN STREET (Bus Lane Affected),2016-03-21,LAND TRANSPORT AUTHORITY
2016-06-30,RMINRM-201603-0437,"For details, please call 65946504",REPUBLIC AVENUE,2016-03-21,LAND TRANSPORT AUTHORITY
2016-05-30,RMINRM-201605-0120,"For details, please call 6553 5464",REPUBLIC BOULEVARD (Bus Lane Affected),2016-05-23,LAND TRANSPORT AUTHORITY
2016-06-14,RMINRM-201512-0646,"For details, please call",RICHARDS AVENUE,2015-12-23,LAND TRANSPORT AUTHORITY
2016-05-31,RMINRM-201604-0730,"For details, please call 64222119",RIVER VALLEY ROAD (Bus Lane Affected),2016-04-30,LAND TRANSPORT AUTHORITY
2016-07-31,RMINRM-201603-0035,"For details, please call",ROBIN CLOSE,2016-03-01,LAND TRANSPORT AUTHORITY
2016-07-11,RMINRM-201604-0191,"For details, please call 63961385",ROBIN ROAD,2016-04-11,LAND TRANSPORT AUTHORITY
2016-07-02,RMINRM-201604-0022,"For details, please call 63961386",ROCHOR ROAD,2016-04-02,LAND TRANSPORT AUTHORITY
2016-06-22,RMINRM-201604-0455,"For details, please call 63326321",SELETAR EXPRESSWAY,2016-05-23,LAND TRANSPORT AUTHORITY
2016-06-14,RMINRM-201604-0465,"For details, please call 63326321",SELETAR EXPRESSWAY,2016-05-15,LAND TRANSPORT AUTHORITY
2016-05-31,RMINRM-201605-0125,"For details, please call",SELETAR EXPRESSWAY,2016-05-10,LAND TRANSPORT AUTHORITY
2016-06-07,RMINRM-201604-0460,"For details, please call 63326321",SELETAR EXPRESSWAY,2016-05-08,LAND TRANSPORT AUTHORITY
2018-04-30,RMINRM-201604-0721,"For details, please call",SENGKANG CENTRAL,2016-04-30,LAND TRANSPORT AUTHORITY
2016-06-30,RMINRM-201604-0272,"For details, please call 6332 8136",SENGKANG EAST AVENUE,2016-04-18,LAND TRANSPORT AUTHORITY
2016-08-02,RMINRM-201602-0409,"For details, please call",SENGKANG EAST ROAD,2016-02-17,LAND TRANSPORT AUTHORITY
2016-07-30,RMINDL-201603-0048,"For details, please call 63328174",SENGKANG EAST WAY,2016-04-15,LAND TRANSPORT AUTHORITY
2016-07-30,RMINRM-201603-0653,"For details, please call 63328174",SENGKANG EAST WAY,2016-04-15,LAND TRANSPORT AUTHORITY
2016-09-30,RMINRM-201602-0665,"For details, please call 6332 8136",SENGKANG EAST WAY,2016-02-29,LAND TRANSPORT AUTHORITY
2016-08-26,RMINRM-201603-0546,"For details, please call",SENGKANG SQUARE,2016-03-17,LAND TRANSPORT AUTHORITY
2016-07-10,RMINRM-201511-0427,"For details, please call",SENGKANG SQUARE,2015-11-30,LAND TRANSPORT AUTHORITY
2016-12-31,RMINRM-201512-0752,"For details, please call 62788245",SENTOSA GATEWAY,2016-01-01,LAND TRANSPORT AUTHORITY
2018-04-30,RMINRM-201604-0713,"For details, please call",SERANGOON AVENUE 2,2016-05-02,LAND TRANSPORT AUTHORITY
2016-06-07,RMINRM-201603-0143,"For details, please call 63961386",SERANGOON ROAD,2016-03-07,LAND TRANSPORT AUTHORITY
2018-12-31,RMINRM-201601-0117,"For details, please call 62616287",SERANGOON ROAD,2016-01-11,LAND TRANSPORT AUTHORITY
2016-07-30,RMINRM-201603-0427,"For details, please call 65946504",SHORT STREET,2016-03-28,LAND TRANSPORT AUTHORITY
2016-05-31,RMINRM-201604-0459,"For details, please call 66030319",SIGLAP LINK,2016-05-02,LAND TRANSPORT AUTHORITY
2017-10-14,RMINRM-201311-0055,"For details, please call 90995590",SIME ROAD,2013-11-15,LAND TRANSPORT AUTHORITY
2016-08-11,RMINRM-201605-0031,"For details, please call 6440629(SITE)",SIMEI STREET 3,2016-05-13,LAND TRANSPORT AUTHORITY
2018-12-31,RMINRM-201601-0116,"For details, please call 62616287",SIMEI STREET 3,2016-01-06,LAND TRANSPORT AUTHORITY
2018-12-31,RMINRM-201512-0525,"For details, please call 62616287",SIMEI STREET 3 (Bus Lane Affected),2015-12-16,LAND TRANSPORT AUTHORITY
2016-06-07,RMINRM-201603-0149,"For details, please call 63961386",SIMS AVENUE,2016-03-07,LAND TRANSPORT AUTHORITY
2016-06-30,RMINRM-201603-0339,"For details, please call 64406298",SIMS WAY,2016-04-01,LAND TRANSPORT AUTHORITY
2016-06-30,RMINRM-201603-0340,"For details, please call 64406298",SIMS WAY,2016-04-01,LAND TRANSPORT AUTHORITY
2016-07-31,RMINRM-201604-0788,"For details, please call 64509310",SIN MING AVENUE,2016-05-06,LAND TRANSPORT AUTHORITY
2016-05-31,RMINRM-201604-0325,"For details, please call 64509310",SIN MING AVENUE,2016-04-16,LAND TRANSPORT AUTHORITY
2016-05-31,RMINRM-201604-0186,"For details, please call 64509310",SIN MING AVENUE,2016-04-13,LAND TRANSPORT AUTHORITY
2016-06-10,RMINRM-201512-0343,"For details, please call",SIN MING AVENUE,2015-12-11,LAND TRANSPORT AUTHORITY
2016-06-10,RMINRM-201512-0344,"For details, please call",SIN MING ROAD,2015-12-11,LAND TRANSPORT AUTHORITY
2016-09-03,RMINRM-201604-0011,"For details, please call",SIRAT ROAD,2016-04-04,LAND TRANSPORT AUTHORITY
2016-06-30,RMINRM-201604-0770,"For details, please call",SIXTH LOK YANG ROAD,2016-04-30,LAND TRANSPORT AUTHORITY
2016-05-31,RMINRM-201604-0775,"For details, please call",SIXTH LOK YANG ROAD,2016-04-30,LAND TRANSPORT AUTHORITY
2016-05-31,RMINRM-201604-0773,"For details, please call",SIXTH LOK YANG ROAD,2016-04-30,LAND TRANSPORT AUTHORITY
2016-06-30,RMINRM-201604-0538,"For details, please call 65919588",SOUTH BRIDGE ROAD (Bus Lane Affected),2016-05-01,LAND TRANSPORT AUTHORITY
2017-03-22,RMINRM-201603-0434,"For details, please call 62957407",STARS AVENUE,2016-03-23,LAND TRANSPORT AUTHORITY
2016-10-01,RMINRM-201604-0039,"For details, please call",STEVENS ROAD,2016-04-04,LAND TRANSPORT AUTHORITY
2016-07-31,RMINRM-201601-0886,"For details, please call",STEVENS ROAD,2016-03-01,LAND TRANSPORT AUTHORITY
2016-05-28,RMINRM-201510-0812,"For details, please call",STEVENS ROAD,2015-11-28,LAND TRANSPORT AUTHORITY
2016-09-30,RMINRM-201605-0032,"For details, please call 63961385",SUNSET AVENUE,2016-05-09,LAND TRANSPORT AUTHORITY
2016-08-01,RMINRM-201601-0740,"For details, please call 6396 1337",SUNSET WAY,2016-02-02,LAND TRANSPORT AUTHORITY
2016-06-15,RMINRM-201311-0804,"For details, please call 65802421",SYED ALWI ROAD,2013-12-05,LAND TRANSPORT AUTHORITY
2016-06-14,RMINRM-201512-0697,"For details, please call",TAI YUAN HEIGHTS,2015-12-23,LAND TRANSPORT AUTHORITY
2016-05-31,RMINRM-201604-0559,"For details, please call 65877643",TAMPINES AVENUE 1,2016-05-01,LAND TRANSPORT AUTHORITY
2016-06-30,RMINRM-201603-0877,"For details, please call",TAMPINES AVENUE 2,2016-04-01,LAND TRANSPORT AUTHORITY
2016-05-31,RMINRM-201604-0558,"For details, please call 65877643",TAMPINES AVENUE 4,2016-05-01,LAND TRANSPORT AUTHORITY
2016-05-31,RMINRM-201604-0434,"For details, please call 65877643",TAMPINES AVENUE 4,2016-05-01,LAND TRANSPORT AUTHORITY
2017-03-22,RMINRM-201603-0636,"For details, please call",TAMPINES AVENUE 4 (Bus Lane Affected),2016-03-22,LAND TRANSPORT AUTHORITY
2017-03-22,RMINRM-201603-0635,"For details, please call",TAMPINES AVENUE 4 (Bus Lane Affected),2016-03-22,LAND TRANSPORT AUTHORITY
2016-06-07,RMINRM-201605-0002,"For details, please call 65878207",TAMPINES CENTRAL 1 (Bus Lane Affected),2016-05-04,LAND TRANSPORT AUTHORITY
2016-05-31,RMINRM-201605-0173,"For details, please call 65551557(SITE)",TAMPINES EXPRESSWAY,2016-05-09,LAND TRANSPORT AUTHORITY
2016-06-02,RMINRM-201604-0444,"For details, please call 6332 8159",TAMPINES EXPRESSWAY,2016-05-03,LAND TRANSPORT AUTHORITY
2016-05-31,RMINRM-201604-0067,"For details, please call 65551557",TAMPINES EXPRESSWAY,2016-05-02,LAND TRANSPORT AUTHORITY
2016-05-31,RMINRM-201604-0245,"For details, please call 65551557",TAMPINES EXPRESSWAY,2016-05-02,LAND TRANSPORT AUTHORITY
2016-06-01,RMINRM-201604-0448,"For details, please call 6332 8159",TAMPINES EXPRESSWAY,2016-05-02,LAND TRANSPORT AUTHORITY
2016-05-31,RMINRM-201603-0943,"For details, please call",TAMPINES EXPRESSWAY,2016-05-01,LAND TRANSPORT AUTHORITY
2016-05-31,RMINRM-201604-0071,"For details, please call 65551557",TAMPINES STREET 31,2016-05-02,LAND TRANSPORT AUTHORITY
2016-05-31,RMINRM-201604-0560,"For details, please call 65877643",TAMPINES STREET 91,2016-05-01,LAND TRANSPORT AUTHORITY
2016-07-30,RMINRM-201603-0647,"For details, please call 63328174",TAMPINES STREET 91,2016-04-15,LAND TRANSPORT AUTHORITY
2016-07-30,RMINDL-201603-0045,"For details, please call 63328174",TAMPINES STREET 91,2016-04-15,LAND TRANSPORT AUTHORITY
2017-05-17,RMINRM-201406-0348,"For details, please call 65432842",TANAH MERAH COAST ROAD,2014-06-16,LAND TRANSPORT AUTHORITY
2017-05-31,RMINRM-201406-0372,"For details, please call 65432842",TANAH MERAH FERRY ROAD,2014-06-16,LAND TRANSPORT AUTHORITY
2016-06-30,RMINRM-201604-0537,"For details, please call 65919588",TANJONG PAGAR ROAD (Bus Lane Affected),2016-05-01,LAND TRANSPORT AUTHORITY
2016-07-02,RMINRM-201603-0242,"For details, please call 91259802",TANJONG RHU PLACE,2016-03-03,LAND TRANSPORT AUTHORITY
2016-07-17,RMINRM-201604-0290,"For details, please call",TANJONG RHU ROAD,2016-04-18,LAND TRANSPORT AUTHORITY
2016-07-10,RMINRM-201604-0157,"For details, please call 66030318",TANJONG RHU ROAD,2016-04-11,LAND TRANSPORT AUTHORITY
2016-06-03,RMINRM-201603-0179,"For details, please call 66031027",TANJONG RHU ROAD,2016-03-05,LAND TRANSPORT AUTHORITY
2016-06-30,RMINRM-201601-0831,"For details, please call",TANJONG RHU ROAD,2016-01-27,LAND TRANSPORT AUTHORITY
2016-05-31,RMINRM-201604-0778,"For details, please call",TEBAN GARDENS CRESCENT,2016-04-30,LAND TRANSPORT AUTHORITY
2016-05-31,RMINRM-201604-0776,"For details, please call",TEBAN GARDENS CRESCENT,2016-04-30,LAND TRANSPORT AUTHORITY
2016-12-31,RMINRM-201603-0971,"For details, please call 62788245",TELOK BLANGAH ROAD,2016-04-01,LAND TRANSPORT AUTHORITY
2016-12-31,RMINRM-201603-0970,"For details, please call 62788245",TELOK BLANGAH ROAD,2016-04-01,LAND TRANSPORT AUTHORITY
2016-12-31,RMINRM-201512-0359,"For details, please call 62788245",TELOK BLANGAH ROAD,2016-01-01,LAND TRANSPORT AUTHORITY
2016-05-31,RMINRM-201604-0506,"For details, please call 66031034",TELOK KURAU ROAD,2016-05-01,LAND TRANSPORT AUTHORITY
2016-05-31,RMINRM-201602-0442,"For details, please call +6564787611",THOMSON RIDGE (Bus Lane Affected),2016-03-01,LAND TRANSPORT AUTHORITY
2016-06-20,RMINRM-201601-0318,"For details, please call 65946504",THOMSON ROAD,2016-01-19,LAND TRANSPORT AUTHORITY
2016-05-30,RMINRM-201605-0124,"For details, please call 6553 5464",THOMSON ROAD (Bus Lane Affected),2016-05-23,LAND TRANSPORT AUTHORITY
2016-07-30,RMINRM-201603-0645,"For details, please call 63328174",TOA PAYOH CENTRAL,2016-04-15,LAND TRANSPORT AUTHORITY
2016-07-30,RMINDL-201603-0043,"For details, please call 63328174",TOA PAYOH CENTRAL,2016-04-15,LAND TRANSPORT AUTHORITY
2016-05-31,RMINRM-201605-0010,"For details, please call 6332 6505",TOH GUAN ROAD,2016-05-04,LAND TRANSPORT AUTHORITY
2016-08-26,RMINRM-201602-0541,"For details, please call 6396 1337",TUAS AVENUE 9,2016-02-27,LAND TRANSPORT AUTHORITY
2016-05-31,RMINRM-201604-0674,"For details, please call 69332115",TUAS ROAD,2016-05-01,LAND TRANSPORT AUTHORITY
2016-05-31,RMINRM-201604-0676,"For details, please call 69332115",TUAS ROAD,2016-05-01,LAND TRANSPORT AUTHORITY
2016-05-31,RMINRM-201604-0679,"For details, please call 69332115",TUAS ROAD,2016-05-01,LAND TRANSPORT AUTHORITY
2017-07-31,RMINRM-201602-0334,"For details, please call 65878205",TUAS SOUTH AVENUE 3,2016-02-22,LAND TRANSPORT AUTHORITY
2016-05-31,RMINRM-201604-0134,"For details, please call 63961384",TUAS SOUTH AVENUE 5,2016-04-20,LAND TRANSPORT AUTHORITY
2016-06-30,RMINRM-201511-0803,"For details, please call 6396 1337",TUAS SOUTH STREET 13,2015-12-01,LAND TRANSPORT AUTHORITY
2016-11-01,RMINRM-201203-0126,"For details, please call 69332329",TUAS WEST DRIVE,2012-03-01,LAND TRANSPORT AUTHORITY
2016-06-20,RMINRM-201604-0065,"For details, please call 69332148",TUAS WEST ROAD,2016-04-20,LAND TRANSPORT AUTHORITY
2016-06-26,RMINRM-201605-0052,"For details, please call 64206518",UBI AVENUE 2,2016-05-12,LAND TRANSPORT AUTHORITY
2016-05-31,RMINRM-201604-0518,"For details, please call 64206518",UBI AVENUE 2,2016-04-25,LAND TRANSPORT AUTHORITY
2016-05-30,RMINRM-201604-0306,"For details, please call",ULU PANDAN ROAD,2016-04-16,LAND TRANSPORT AUTHORITY
2016-05-31,RMINRM-201604-0072,"For details, please call 65551557",UPPER CHANGI ROAD EAST,2016-05-02,LAND TRANSPORT AUTHORITY
2016-10-30,RMINRM-201603-0375,"For details, please call 65729647",UPPER CHANGI ROAD EAST,2016-03-20,LAND TRANSPORT AUTHORITY
2017-06-30,RMINRM-201603-0475,"For details, please call 65729647",UPPER CHANGI ROAD EAST,2016-03-17,LAND TRANSPORT AUTHORITY
2016-10-30,RMINRM-201605-0017,"For details, please call 65729647",UPPER CHANGI ROAD EAST (Bus Lane Affected),2016-05-03,LAND TRANSPORT AUTHORITY
2016-10-30,RMINRM-201603-0376,"For details, please call 65729647",UPPER CHANGI ROAD EAST (Bus Lane Affected),2016-03-20,LAND TRANSPORT AUTHORITY
2017-06-30,RMINRM-201602-0383,"For details, please call 65729647",UPPER CHANGI ROAD EAST (Bus Lane Affected),2016-02-17,LAND TRANSPORT AUTHORITY
2017-06-30,RMINRM-201601-0347,"For details, please call 65729647",UPPER CHANGI ROAD EAST (Bus Lane Affected),2016-01-14,LAND TRANSPORT AUTHORITY
2017-07-31,RMINRM-201507-0026,"For details, please call 65729647",UPPER CHANGI ROAD EAST (Bus Lane Affected),2015-07-06,LAND TRANSPORT AUTHORITY
2017-07-31,RMINRM-201507-0012,"For details, please call 65729647",UPPER CHANGI ROAD EAST (Bus Lane Affected),2015-07-06,LAND TRANSPORT AUTHORITY
2016-05-31,RMINRM-201604-0075,"For details, please call 65551557",UPPER CHANGI ROAD NORTH,2016-05-02,LAND TRANSPORT AUTHORITY
2016-07-30,RMINDL-201603-0046,"For details, please call 63328174",UPPER CHANGI ROAD NORTH,2016-04-15,LAND TRANSPORT AUTHORITY
2016-07-30,RMINRM-201603-0649,"For details, please call 63328174",UPPER CHANGI ROAD NORTH,2016-04-15,LAND TRANSPORT AUTHORITY
2017-01-24,RMINRM-201505-0542,"For details, please call 62430344",UPPER EAST COAST ROAD,2015-05-25,LAND TRANSPORT AUTHORITY
2016-08-21,RMINRM-201603-0542,"For details, please call",UPPER SERANGOON ROAD,2016-03-17,LAND TRANSPORT AUTHORITY
2016-09-10,RMINRM-201603-0326,"For details, please call",UPPER SERANGOON ROAD,2016-03-11,LAND TRANSPORT AUTHORITY
2016-05-31,RMINRM-201604-0544,"For details, please call 65551557(SITE)",UPPER SERANGOON ROAD (Bus Lane Affected),2016-05-01,LAND TRANSPORT AUTHORITY
2016-05-31,RMINRM-201604-0543,"For details, please call 65551557(SITE)",UPPER SERANGOON ROAD (Bus Lane Affected),2016-05-01,LAND TRANSPORT AUTHORITY
2016-06-18,RMINRM-201604-0324,"For details, please call 64509310",UPPER THOMSON ROAD,2016-04-18,LAND TRANSPORT AUTHORITY
2020-06-30,RMINRM-201503-0438,"For details, please call",UPPER THOMSON ROAD,2015-03-22,LAND TRANSPORT AUTHORITY
2019-12-22,RMINRM-201501-0169,"For details, please call",UPPER THOMSON ROAD,2015-01-11,LAND TRANSPORT AUTHORITY
2017-04-30,RMINRM-201604-0486,"For details, please call",UPPER THOMSON ROAD (Bus Lane Affected),2016-04-21,LAND TRANSPORT AUTHORITY
2017-04-30,RMINRM-201604-0487,"For details, please call",UPPER THOMSON ROAD (Bus Lane Affected),2016-04-21,LAND TRANSPORT AUTHORITY
2016-05-31,RMINRM-201604-0394,"For details, please call 64509310",UPPER THOMSON ROAD (Bus Lane Affected),2016-04-21,LAND TRANSPORT AUTHORITY
2017-03-31,RMINRM-201603-0817,"For details, please call",UPPER THOMSON ROAD (Bus Lane Affected),2016-03-21,LAND TRANSPORT AUTHORITY
2017-03-31,RMINRM-201603-0835,"For details, please call",UPPER THOMSON ROAD (Bus Lane Affected),2016-03-21,LAND TRANSPORT AUTHORITY
2016-05-31,RMINRM-201602-0445,"For details, please call +6564787611",UPPER THOMSON ROAD (Bus Lane Affected),2016-03-01,LAND TRANSPORT AUTHORITY
2016-12-31,RMINRM-201601-0028,"For details, please call 64787603",UPPER THOMSON ROAD (Bus Lane Affected),2016-01-04,LAND TRANSPORT AUTHORITY
2016-12-31,RMINRM-201601-0029,"For details, please call 64787603",UPPER THOMSON ROAD (Bus Lane Affected),2016-01-04,LAND TRANSPORT AUTHORITY
2016-12-31,RMINRM-201601-0019,"For details, please call 64787603",UPPER THOMSON ROAD (Bus Lane Affected),2016-01-04,LAND TRANSPORT AUTHORITY
2016-12-31,RMINRM-201601-0027,"For details, please call 64787603",UPPER THOMSON ROAD (Bus Lane Affected),2016-01-04,LAND TRANSPORT AUTHORITY
2016-11-30,RMINRM-201511-0776,"For details, please call 64787603",UPPER THOMSON ROAD (Bus Lane Affected),2015-12-01,LAND TRANSPORT AUTHORITY
2019-08-31,RMINRM-201409-0370,"For details, please call 64787603",UPPER THOMSON ROAD (Bus Lane Affected),2014-09-14,LAND TRANSPORT AUTHORITY
2016-06-30,RMINRM-201605-0155,"For details, please call 63961384",WEST COAST GREEN,2016-05-18,LAND TRANSPORT AUTHORITY
2016-06-30,RMINRM-201605-0153,"For details, please call 63961384",WEST COAST HIGHWAY,2016-05-20,LAND TRANSPORT AUTHORITY
2016-05-27,RMINRM-201605-0004,"For details, please call",WEST COAST HIGHWAY,2016-05-18,LAND TRANSPORT AUTHORITY
2016-05-31,RMINRM-201604-0808,"For details, please call",WEST COAST HIGHWAY,2016-05-01,LAND TRANSPORT AUTHORITY
2016-05-31,RMINRM-201604-0807,"For details, please call",WEST COAST HIGHWAY,2016-05-01,LAND TRANSPORT AUTHORITY
2016-10-31,RMINDL-201604-0009,"For details, please call 63328174",WEST COAST ROAD,2016-05-02,LAND TRANSPORT AUTHORITY
2016-10-31,RMINRM-201604-0107,"For details, please call 63328174",WEST COAST ROAD,2016-05-02,LAND TRANSPORT AUTHORITY
2016-10-14,RMINRM-201604-0301,"For details, please call",WHITLEY ROAD,2016-04-14,LAND TRANSPORT AUTHORITY
2016-07-31,RMINRM-201601-0885,"For details, please call",WHITLEY ROAD,2016-03-01,LAND TRANSPORT AUTHORITY
2016-05-31,RMINRM-201602-0231,"For details, please call 67056610",WOODLANDS AVENUE 12,2016-02-12,LAND TRANSPORT AUTHORITY
2016-06-30,RMINRM-201605-0128,"For details, please call 67056610",WOODLANDS AVENUE 2,2016-05-07,LAND TRANSPORT AUTHORITY
2017-02-28,RMINRM-201601-0988,"For details, please call 6295 7346",WOODLANDS AVENUE 3,2016-02-01,LAND TRANSPORT AUTHORITY
2016-05-27,RMINRM-201604-0572,"For details, please call",WOODLANDS AVENUE 4,2016-04-27,LAND TRANSPORT AUTHORITY
2016-05-27,RMINRM-201604-0573,"For details, please call",WOODLANDS AVENUE 9,2016-04-27,LAND TRANSPORT AUTHORITY
2016-06-06,RMINRM-201604-0787,"For details, please call SITE",WOODLANDS CENTRE ROAD,2016-05-05,LAND TRANSPORT AUTHORITY
2016-09-22,RMINRM-201603-0502,"For details, please call",WOODLANDS CENTRE ROAD,2016-03-23,LAND TRANSPORT AUTHORITY
2016-09-22,RMINRM-201603-0503,"For details, please call",WOODLANDS CENTRE ROAD,2016-03-23,LAND TRANSPORT AUTHORITY
2016-06-10,RMINRM-201512-0354,"For details, please call",WOODLANDS DRIVE 14,2015-12-11,LAND TRANSPORT AUTHORITY
2016-05-27,RMINRM-201604-0574,"For details, please call",WOODLANDS DRIVE 43,2016-04-27,LAND TRANSPORT AUTHORITY
2016-05-27,RMINRM-201604-0578,"For details, please call",WOODLANDS DRIVE 44,2016-04-27,LAND TRANSPORT AUTHORITY
2016-05-27,RMINRM-201604-0580,"For details, please call",WOODLANDS DRIVE 50,2016-04-27,LAND TRANSPORT AUTHORITY
2016-09-16,RMINRM-201603-0523,"For details, please call",WOODLANDS DRIVE 50,2016-03-17,LAND TRANSPORT AUTHORITY
2016-06-10,RMINRM-201512-0288,"For details, please call",WOODLANDS ROAD,2015-12-11,LAND TRANSPORT AUTHORITY
2016-05-31,RMINRM-201603-0571,"For details, please call 66031012",WOODLANDS ROAD (Bus Lane Affected),2016-03-18,LAND TRANSPORT AUTHORITY
2016-09-22,RMINRM-201603-0513,"For details, please call",WOODLEIGH CLOSE,2016-03-23,LAND TRANSPORT AUTHORITY
2016-12-31,RMINRM-201512-0113,"For details, please call",WOODLEIGH CLOSE (Bus Lane Affected),2015-12-02,LAND TRANSPORT AUTHORITY
2018-12-31,RMINRM-201510-0683,"For details, please call 62616287",WOODSVILLE CLOSE,2015-10-21,LAND TRANSPORT AUTHORITY
2017-06-30,RMINRM-201602-0384,"For details, please call 65729647",XILIN AVENUE,2016-02-18,LAND TRANSPORT AUTHORITY
2017-07-31,RMINRM-201510-0646,"For details, please call 65729647",XILIN AVENUE,2015-10-23,LAND TRANSPORT AUTHORITY
2016-10-30,RMINRM-201605-0001,"For details, please call 65729647",XILIN AVENUE (Bus Lane Affected),2016-05-03,LAND TRANSPORT AUTHORITY
2016-09-22,RMINRM-201603-0504,"For details, please call",YIO CHU KANG ROAD,2016-03-23,LAND TRANSPORT AUTHORITY
2016-09-22,RMINRM-201603-0505,"For details, please call",YIO CHU KANG ROAD,2016-03-23,LAND TRANSPORT AUTHORITY
2016-07-26,RMINRM-201602-0413,"For details, please call",YIO CHU KANG ROAD,2016-02-17,LAND TRANSPORT AUTHORITY
2017-07-31,RMINRM-201602-0363,"For details, please call",YIO CHU KANG ROAD,2016-02-17,LAND TRANSPORT AUTHORITY
2016-05-31,RMINRM-201605-0156,"For details, please call",YIO CHU KANG ROAD (Bus Lane Affected),2016-05-07,LAND TRANSPORT AUTHORITY
2016-06-20,RMINRM-201512-0562,"For details, please call",YISHUN AVENUE 1,2015-12-21,LAND TRANSPORT AUTHORITY
2016-06-20,RMINRM-201512-0560,"For details, please call",YISHUN AVENUE 1,2015-12-21,LAND TRANSPORT AUTHORITY
2016-08-02,RMINRM-201602-0240,"For details, please call",YISHUN AVENUE 4,2016-02-13,LAND TRANSPORT AUTHORITY
2016-06-14,RMINRM-201512-0645,"For details, please call",YISHUN AVENUE 4,2015-12-23,LAND TRANSPORT AUTHORITY
2016-06-20,RMINRM-201512-0563,"For details, please call",YISHUN AVENUE 4,2015-12-21,LAND TRANSPORT AUTHORITY
2016-07-27,RMINRM-201601-0747,"For details, please call 6396 1384",YISHUN AVENUE 5,2016-01-28,LAND TRANSPORT AUTHORITY
2016-06-30,RMINRM-201603-0879,"For details, please call",YISHUN AVENUE 5 (Bus Lane Affected),2016-04-01,LAND TRANSPORT AUTHORITY
2016-05-31,RMINRM-201605-0138,"For details, please call 62936710",YISHUN AVENUE 7,2016-05-09,LAND TRANSPORT AUTHORITY
2016-09-12,RMINRM-201603-0314,"For details, please call 6396 2102",YISHUN AVENUE 9 (Bus Lane Affected),2016-03-14,LAND TRANSPORT AUTHORITY
2016-09-12,RMINRM-201603-0312,"For details, please call 6396 2102",YISHUN CENTRAL,2016-03-14,LAND TRANSPORT AUTHORITY
2016-07-25,RMINRM-201602-0086,"For details, please call",YISHUN CENTRAL,2016-02-05,LAND TRANSPORT AUTHORITY
2016-07-12,RMINRM-201601-0161,"For details, please call",YISHUN CENTRAL,2016-01-13,LAND TRANSPORT AUTHORITY
2016-07-30,RMINRM-201603-0656,"For details, please call 63328174",YISHUN CENTRAL 1,2016-04-15,LAND TRANSPORT AUTHORITY
2016-07-30,RMINDL-201603-0050,"For details, please call 63328174",YISHUN CENTRAL 1,2016-04-15,LAND TRANSPORT AUTHORITY
2016-06-20,RMINRM-201512-0561,"For details, please call",YISHUN STREET 41,2015-12-21,LAND TRANSPORT AUTHORITY
2016-06-15,RMINRM-201604-0761,"For details, please call",YUAN CHING ROAD,2016-05-09,LAND TRANSPORT AUTHORITY
2016-05-31,RMINRM-201604-0722,"For details, please call 67089602",ZION ROAD,2016-05-01,LAND TRANSPORT AUTHORITY
